Top pages,Clicks,Impressions,CTR,Position
https://yourmechaniconline.com/,770,81693,0.94%,13.57
https://yourmechaniconline.com/bestcar-services-indore-affordable-solutions/,41,10570,0.39%,13.69
https://yourmechaniconline.com/the-best-car-servicing-in-baner/,39,7902,0.49%,10.7
https://yourmechaniconline.com/services/car-rubbing-and-polishing-in-pune-₹6500/,39,5083,0.77%,10.57
https://yourmechaniconline.com/affordable-car-servicing-in-wakad-pune/,30,4778,0.63%,11.57
https://www.yourmechaniconline.com/,26,4424,0.59%,12.42
https://yourmechaniconline.com/best-car-services-hinjewadi-pune/,24,4628,0.52%,10.53
https://yourmechaniconline.com/premium-luxury-car-service-pune/,23,3128,0.74%,13.34
https://yourmechaniconline.com/services/car-denting-and-painting-3000/,19,9712,0.2%,17.39
https://yourmechaniconline.com/car-servicing-in-aundh/,18,3699,0.49%,9.21
https://yourmechaniconline.com/tag/luxury-car-maintenance-pune/,17,3179,0.53%,22.07
https://yourmechaniconline.com/best-car-servicing-in-pune-ymo/the-best-mercedes-servicing-in-viman-nagar/,17,2668,0.64%,17.09
https://yourmechaniconline.com/category/car-servicing-maintenance/,16,1845,0.87%,14.84
https://yourmechaniconline.com/services/car-interior-cleaning-in-pune-₹2000/,14,1514,0.92%,24.79
http://www.yourmechaniconline.com/,13,4173,0.31%,11.25
https://yourmechaniconline.com/services/car-air-conditioner-servicing-in-pune/,12,5344,0.22%,17.64
https://yourmechaniconline.com/best-car-servicing-in-pune-ymo/top-mercedes-servicing-baner/the-best-audi-servicing-baner-pune/,11,1958,0.56%,11.51
https://yourmechaniconline.com/blog/best-oil-change-service-in-pune/,10,2563,0.39%,13.39
https://yourmechaniconline.com/services/complete-car-servicing/,9,5784,0.16%,35.36
https://yourmechaniconline.com/book-car-servicing-in-pune/,9,3243,0.28%,18.17
https://yourmechaniconline.com/affordable-car-services-viman-nagar-pune/,9,3120,0.29%,10.46
https://yourmechaniconline.com/best-car-servicing-in-pune-ymo/top-mercedes-servicing-baner/the-best-audi-servicing-baner-pune/top-mercedes-servicing-in-bavdhan/,8,1289,0.62%,7.97
https://yourmechaniconline.com/ymo-spares/,7,903,0.78%,6.85
https://yourmechaniconline.com/category/tyre-and-wheel-alignment-in-hinjewadi/,6,366,1.64%,8.81
https://yourmechaniconline.com/tag/car-ac-repair-aundh/,6,266,2.26%,12.9
https://yourmechaniconline.com/tag/bmw-workshop-pune/,5,459,1.09%,11.91
https://yourmechaniconline.com/tag/best-car-service-bavdhan/,5,386,1.3%,7.19
https://yourmechaniconline.com/best-car-servicing-in-bavdhan-pune-expert-care/,4,521,0.77%,9.12
https://yourmechaniconline.com/tag/car-denting-and-painting-wakad/,4,516,0.78%,10.66
https://yourmechaniconline.com/the-best-bmw-servicing-in-baner/,4,309,1.29%,9.69
https://yourmechaniconline.com/best-audi-servicing-in-aundh-pune/,3,613,0.49%,26.06
https://yourmechaniconline.com/ymo-car-servicing-locations-in-pune/the-best-mercedes-servicing-in-viman-nagar/,3,307,0.98%,19.39
https://yourmechaniconline.com/category/luxury-car-service-baner/,3,221,1.36%,11.34
https://yourmechaniconline.com/best-bmw-servicing-in-hinjewadi-luxury-car-care/,3,195,1.54%,12.96
https://yourmechaniconline.com/best-car-servicing-in-pune-ymo/top-mercedes-servicing-baner/,2,522,0.38%,20.42
https://yourmechaniconline.com/services/car-brake-repair/,2,271,0.74%,17.63
https://yourmechaniconline.com/tag/car-servicing-aundh-pune/,2,257,0.78%,12.76
https://yourmechaniconline.com/the-best-mercedes-servicing-in-hinjewadi/,2,253,0.79%,24.19
https://yourmechaniconline.com/category/luxury-car-maintenance-bavdhan/,2,174,1.15%,10.2
https://yourmechaniconline.com/best-car-servicing-in-pune-ymo/top-mercedes-servicing-aundh/,2,159,1.26%,10.16
https://yourmechaniconline.com/category/luxury-car-servicing-solutions/,2,135,1.48%,20.51
https://yourmechaniconline.com/tag/denting-painting-aundh/,2,86,2.33%,9.45
https://yourmechaniconline.com/the-best-audi-servicing-in-hinjewadi/,1,984,0.1%,17.76
https://yourmechaniconline.com/the-best-audi-servicing-in-bavdhan/,1,385,0.26%,22.69
https://yourmechaniconline.com/services/belts-and-hoses/,1,364,0.27%,2.8
https://yourmechaniconline.com/best-car-servicing-in-pune-ymo/the-best-audi-servicing-in-viman-nagar/,1,351,0.28%,17.56
https://yourmechaniconline.com/tag/affordable-car-repair-wakad/,1,316,0.32%,10.77
https://yourmechaniconline.com/tag/audi-service-center-pune/,1,315,0.32%,10.33
https://yourmechaniconline.com/the-best-bmw-servicing-in-wakad/,1,303,0.33%,12.5
https://yourmechaniconline.com/the-best-audi-servicing-in-wakad/,1,269,0.37%,43.68
https://yourmechaniconline.com/2023/07/18/know-the-benefits-of-regular-oil-changes-for-your-car-in-summer/,1,251,0.4%,12.34
https://yourmechaniconline.com/category/mercedes-car-services-in-baner/,1,237,0.42%,19.86
https://yourmechaniconline.com/category/comprehensive-car-care-services-in-bavdhan/,1,216,0.46%,9.64
https://yourmechaniconline.com/tag/car-ac-repair-hinjewadi/,1,149,0.67%,26.95
https://yourmechaniconline.com/tag/tyre-alignment-viman-nagar/,1,103,0.97%,9.1
https://yourmechaniconline.com/tag/car-denting-aundh/,1,95,1.05%,11.72
https://yourmechaniconline.com/category/luxury-car-servicing-in-hinjewadi/,1,88,1.14%,13.11
https://yourmechaniconline.com/tag/affordable-car-servicing-indore/,1,76,1.32%,18.7
https://yourmechaniconline.com/tag/car-services-in-wakad/,1,72,1.39%,9.14
https://yourmechaniconline.com/tag/luxury-car-service-baner/,1,69,1.45%,11.23
https://yourmechaniconline.com/category/transparent-car-service-pricing-baner/,1,63,1.59%,12.65
https://yourmechaniconline.com/car-services-in-pune/,1,38,2.63%,44.47
https://yourmechaniconline.com/tag/car-repair-aundh/,1,29,3.45%,9.66
https://yourmechaniconline.com/category/transparent-car-service-pricing/,1,29,3.45%,10.41
https://yourmechaniconline.com/tag/best-bmw-workshop-in-pune/,1,29,3.45%,15.72
https://yourmechaniconline.com/tag/bmw-servicing-in-baner/,1,25,4%,11.4
https://yourmechaniconline.com/tag/bmw-repair-pune/,1,20,5%,14.2
https://yourmechaniconline.com/team/philip-brower/,1,17,5.88%,18.24
https://yourmechaniconline.com/category/genuine-spare-parts/,1,9,11.11%,3.56
https://yourmechaniconline.com/tag/pune-ymo/,1,1,100%,2
https://yourmechaniconline.com/best-car-servicing-in-pune-ymo/,0,370,0%,5.66
https://yourmechaniconline.com/best-car-services-in-pune/,0,355,0%,8.05
https://yourmechaniconline.com/the-best-mercedes-servicing-in-wakad/,0,288,0%,23.37
https://yourmechaniconline.com/blog/,0,266,0%,5.62
https://yourmechaniconline.com/tag/car-denting-and-painting-baner/,0,263,0%,14.22
https://yourmechaniconline.com/category/car-denting-and-painting-baner/,0,205,0%,7.77
https://yourmechaniconline.com/ymo-car-spares-parts-india/,0,194,0%,8.45
https://yourmechaniconline.com/tag/mercedes-service-center-pune/,0,156,0%,21.49
https://yourmechaniconline.com/tag/car-repairs-baner-pune/,0,141,0%,12.3
https://yourmechaniconline.com/tag/car-services-in-indore/,0,132,0%,15.11
https://yourmechaniconline.com/category/professional-auto-repair-shops-in-indore/,0,112,0%,9.36
https://yourmechaniconline.com/category/car-maintenance-baner/,0,110,0%,14.65
https://yourmechaniconline.com/services/car-engine-services-in-pune/,0,102,0%,15.1
https://yourmechaniconline.com/category/premium-maintenance-repairs/,0,101,0%,8.96
https://yourmechaniconline.com/tag/car-services-viman-nagar/,0,95,0%,13.05
https://yourmechaniconline.com/category/premium-car-servicing-in-viman-nagar/,0,91,0%,8.45
https://yourmechaniconline.com/tag/affordable-car-repair-bavdhan/,0,91,0%,9.1
https://yourmechaniconline.com/category/luxury-car-servicing-in-aundh/,0,88,0%,10.88
https://yourmechaniconline.com/category/automotive-services-pune/,0,83,0%,10.27
https://yourmechaniconline.com/tag/best-car-ac-repair-indore/,0,83,0%,47.47
https://yourmechaniconline.com/tag/luxury-car-repair-viman-nagar/,0,78,0%,10.4
https://yourmechaniconline.com/tag/audi-workshop-pune/,0,73,0%,8.86
https://yourmechaniconline.com/tag/car-services-in-hinjewadi-pune/,0,72,0%,12.51
https://yourmechaniconline.com/tag/car-ceramic-coating-pune/,0,68,0%,31.65
https://yourmechaniconline.com/services/lube-oil-and-filters/,0,62,0%,9.45
https://yourmechaniconline.com/tag/car-servicing-baner/,0,62,0%,10.02
https://yourmechaniconline.com/services/ceramic-coating-in-pune/,0,61,0%,31.89
https://yourmechaniconline.com/category/automotive-spare-parts-in-india/,0,60,0%,15.38
https://yourmechaniconline.com/category/premium-car-workshops-in-pune/,0,56,0%,17.41
https://yourmechaniconline.com/tag/car-interior-cleaning-wakad/,0,53,0%,12.23
https://yourmechaniconline.com/best-bmw-servicing-in-aundh-luxury-car-care/,0,52,0%,15.69
https://yourmechaniconline.com/category/car-servicing/,0,51,0%,6.22
https://yourmechaniconline.com/tag/best-tyre-services-wakad/,0,51,0%,12.24
https://yourmechaniconline.com/bmw-servicing-in-bavdhan/,0,48,0%,6.94
https://yourmechaniconline.com/tag/audi-workshop-bavdhan/,0,46,0%,9.15
https://yourmechaniconline.com/tag/affordable-car-spare-parts/,0,46,0%,77.28
https://yourmechaniconline.com/category/car-repairs-and-diagnostics-in-pune/,0,44,0%,14.75
https://yourmechaniconline.com/tag/luxury-car-repair-wakad/,0,40,0%,11
https://yourmechaniconline.com/tag/reliable-car-spares/,0,39,0%,11.49
https://yourmechaniconline.com/tag/audi-repair-hinjewadi/,0,39,0%,12.56
https://yourmechaniconline.com/tag/mercedes-servicing-in-wakad/,0,38,0%,8.13
https://yourmechaniconline.com/ymo-car-servicing-locations-in-pune/top-mercedes-servicing-baner/the-best-audi-servicing-baner-pune/,0,38,0%,17.97
https://yourmechaniconline.com/tag/bmw-car-repair-pune/,0,36,0%,16.44
https://yourmechaniconline.com/ymo-car-servicing-locations-in-pune/the-best-audi-servicing-in-viman-nagar/,0,32,0%,13.94
https://yourmechaniconline.com/tag/exotic-car-maintenance-pune/,0,31,0%,9.74
https://yourmechaniconline.com/tag/car-ac-servicing-pune/,0,30,0%,11.23
https://yourmechaniconline.com/tag/bmw-car-service-baner/,0,30,0%,14.33
https://yourmechaniconline.com/category/mercedes-car-services-in-bavdhan/,0,29,0%,16.31
https://yourmechaniconline.com/tag/best-car-service-center-pune/,0,27,0%,10.85
https://yourmechaniconline.com/tag/affordable-car-service-pune/,0,24,0%,13.46
https://yourmechaniconline.com/tag/expert-audi-mechanics/,0,23,0%,8.83
https://yourmechaniconline.com/tag/bmw-workshop-hinjewadi/,0,23,0%,9.17
https://yourmechaniconline.com/category/brakes/,0,20,0%,3.9
https://yourmechaniconline.com/tag/car-tyre-alignment-indore/,0,20,0%,12.65
https://yourmechaniconline.com/tag/car-spare-parts-pune/,0,20,0%,13.8
https://yourmechaniconline.com/category/affordable-car-upgrades/,0,20,0%,48.3
https://yourmechaniconline.com/galleries/engine-diagnostics/,0,19,0%,10.11
https://yourmechaniconline.com/tag/tyre-alignment-services-pune/,0,19,0%,15.16
https://yourmechaniconline.com/tag/mercedes-maintenance-baner/,0,18,0%,38.61
https://yourmechaniconline.com/tag/premium-car-service-hinjewadi/,0,17,0%,7.29
https://yourmechaniconline.com/category/mercedes-servicing-in-bavdhan/,0,17,0%,9.12
https://yourmechaniconline.com/category/car-maintenance-services-in-pune/,0,17,0%,15.35
https://yourmechaniconline.com/category/audi-maintenance/,0,16,0%,4.5
https://yourmechaniconline.com/tag/best-audi-service-pune/,0,16,0%,24.25
https://yourmechaniconline.com/tag/car-servicing-bavdhan-pune/,0,15,0%,9.4
https://yourmechaniconline.com/tag/genuine-audi-parts-wakad/,0,15,0%,14.8
https://yourmechaniconline.com/tag/original-spare-parts-pune/,0,15,0%,16.6
https://yourmechaniconline.com/tag/ymo-car-care-pune/,0,14,0%,9
https://yourmechaniconline.com/ymo-car-servicing-locations-in-pune/,0,13,0%,6.77
https://yourmechaniconline.com/tag/luxury-car-service/,0,13,0%,12.15
https://yourmechaniconline.com/galleries/wheel-services/,0,13,0%,35.15
https://yourmechaniconline.com/category/car-maintenance-diagnostics/,0,11,0%,9.91
https://yourmechaniconline.com/tag/luxury-car-servicing-pune/,0,11,0%,29
https://yourmechaniconline.com/category/comprehensive-car-services-in-indore/,0,9,0%,8
https://yourmechaniconline.com/category/spare-parts-and-maintenance/,0,9,0%,10.11
https://yourmechaniconline.com/tag/genuine-audi-parts-viman-nagar/,0,9,0%,16.33
https://yourmechaniconline.com/tag/affordable-car-servicing-pune/,0,9,0%,20.67
https://yourmechaniconline.com/category/luxury-car-maintenance-in-bavdhan/,0,8,0%,8.25
https://yourmechaniconline.com/category/luxury-car-maintenance-pune/,0,8,0%,8.88
https://yourmechaniconline.com/category/mercedes-repair-and-maintenance-pune/,0,8,0%,10.25
https://yourmechaniconline.com/tag/car-denting-painting-pune/,0,8,0%,15.12
https://yourmechaniconline.com/category/new-car-spare-parts-online/,0,7,0%,6.57
https://yourmechaniconline.com/tag/bmw-car-service/,0,7,0%,8.71
https://yourmechaniconline.com/tag/car-ceramic-coating-bavdhan/,0,7,0%,13.86
https://yourmechaniconline.com/tag/genuine-audi-parts-pune/,0,7,0%,16.43
https://yourmechaniconline.com/tag/audi-servicing-wakad/,0,7,0%,30.86
https://yourmechaniconline.com/category/car-polishing-and-cleaning-in-pune/,0,6,0%,10
https://yourmechaniconline.com/galleries/tire-change/,0,5,0%,5
https://yourmechaniconline.com/tag/tyre-alignment-bavdhan/,0,5,0%,9.2
https://yourmechaniconline.com/tag/best-bmw-service-center-pune/,0,5,0%,13.4
https://yourmechaniconline.com/tag/car-repair-in-pune/,0,5,0%,14.4
https://yourmechaniconline.com/tag/affordable-car-repair-pune/,0,5,0%,17
https://yourmechaniconline.com/tag/best-bmw-service-center/,0,5,0%,21.6
https://yourmechaniconline.com/tag/mercedes-repair-pune/,0,5,0%,32
https://yourmechaniconline.com/category/engine/,0,4,0%,4
https://yourmechaniconline.com/tag/luxury-car-care-pune/,0,4,0%,6.5
https://yourmechaniconline.com/category/luxury-car-servicing-audi-service-center-in-baner/,0,4,0%,10.5
https://yourmechaniconline.com/the-best-mercedes-servicing-in-bavdhan/,0,4,0%,15.75
https://yourmechaniconline.com/tag/car-polishing-service/,0,4,0%,21.5
https://yourmechaniconline.com/tag/mercedes-servicing-baner/,0,4,0%,26.75
https://yourmechaniconline.com/tag/car-ac-repair-pune/,0,4,0%,41.75
https://yourmechaniconline.com/category/luxury-car-servicing/,0,3,0%,6
https://yourmechaniconline.com/tag/best-car-service-pune/,0,3,0%,6
https://yourmechaniconline.com/tag/mercedes-servicing-hinjewadi/,0,3,0%,6
https://yourmechaniconline.com/tag/luxury-car-servicing/,0,3,0%,6.33
https://yourmechaniconline.com/tag/premium-car-parts-india/,0,3,0%,45.67
https://yourmechaniconline.com/category/steering/,0,2,0%,3
https://booking.yourmechaniconline.com/packages,0,2,0%,4
https://yourmechaniconline.com/category/diagnostics/,0,2,0%,4
https://yourmechaniconline.com/tag/ymo-luxury/,0,2,0%,4
https://yourmechaniconline.com/services/car-tyre-and-wheel-services/,0,2,0%,4.5
https://yourmechaniconline.com/category/filters/,0,2,0%,5
https://yourmechaniconline.com/tag/audi-servicing-bavdhan/,0,2,0%,6.5
https://yourmechaniconline.com/category/mercedes-car-services/,0,2,0%,7.5
https://yourmechaniconline.com/tag/car-service-pune/,0,2,0%,7.5
https://yourmechaniconline.com/tag/bmw-servicing-in-bavdhan/,0,2,0%,8
https://yourmechaniconline.com/category/expert-automotive-advice/,0,2,0%,10
https://yourmechaniconline.com/category/genuine-car-parts/,0,2,0%,10.5
https://yourmechaniconline.com/tag/viman-nagar-mercedes-service/,0,2,0%,15
https://yourmechaniconline.com/tag/bavdhan-car-service-center/,0,2,0%,16
https://yourmechaniconline.com/tag/ymo-car-service/,0,2,0%,16.5
https://yourmechaniconline.com/tag/roadside-assistance-pune/,0,2,0%,17
https://yourmechaniconline.com/tag/best-bmw-service-pune/,0,2,0%,17.5
https://yourmechaniconline.com/tag/genuine-audi-parts-baner/,0,2,0%,22.5
https://yourmechaniconline.com/tag/reliable-car-mechanics/,0,2,0%,26
https://yourmechaniconline.com/tag/buy-car-spare-parts-online/,0,2,0%,31
https://yourmechaniconline.com/tag/car-interior-cleaning-indore/,0,2,0%,34
https://yourmechaniconline.com/category/affordable-car-repairs-and-maintenance/,0,2,0%,53
https://yourmechaniconline.com/galleries/belts-and-hoses/,0,2,0%,61.5
https://yourmechaniconline.com/category/vehicle-diagnostics-engine-repair/,0,1,0%,1
https://yourmechaniconline.com/tag/car-polishing-pune/,0,1,0%,1
https://yourmechaniconline.com/the-best-car-servicing-in-wakad/,0,1,0%,1
https://booking.yourmechaniconline.com/,0,1,0%,3
https://yourmechaniconline.com/tag/car-denting-and-painting/,0,1,0%,3
https://yourmechaniconline.com/tag/ymo-blog/,0,1,0%,3
https://yourmechaniconline.com/tag/audi-servicing-viman-nagar/,0,1,0%,4
https://yourmechaniconline.com/tag/luxury-car-servicing-aundh/,0,1,0%,4
https://yourmechaniconline.com/the-best-bmw-servicing-in-hinjewadi/,0,1,0%,4
https://yourmechaniconline.com/galleries/other-car-services/,0,1,0%,5
https://yourmechaniconline.com/tag/mechanic-online-aundh/,0,1,0%,5
https://yourmechaniconline.com/category/second-hand-car-parts-india/,0,1,0%,6
https://yourmechaniconline.com/tag/audi-maintenance-pune/,0,1,0%,6
https://yourmechaniconline.com/tag/roadside-assistance-indore/,0,1,0%,6
https://yourmechaniconline.com/category/bmw-servicing-in-aundh/,0,1,0%,7
https://yourmechaniconline.com/category/car-maintenance-repairs/,0,1,0%,7
https://yourmechaniconline.com/category/luxury-car-maintenance/,0,1,0%,7
https://yourmechaniconline.com/tag/audi-car-service-pune/,0,1,0%,7
https://yourmechaniconline.com/tag/best-car-service-in-pune/,0,1,0%,7
https://yourmechaniconline.com/tag/bmw-servicing-hinjewadi/,0,1,0%,7
https://yourmechaniconline.com/tag/luxury-car-repair-bavdhan/,0,1,0%,7
https://yourmechaniconline.com/category/tires/,0,1,0%,8
https://yourmechaniconline.com/tag/car-cleaning-pune/,0,1,0%,8
https://yourmechaniconline.com/tag/professional-car-polishing-indore/,0,1,0%,8
https://yourmechaniconline.com/category/automotive-trends-and-news/,0,1,0%,9
https://yourmechaniconline.com/category/luxury-car-services/,0,1,0%,9
https://yourmechaniconline.com/category/affordable-car-repairs-and-cleaning/,0,1,0%,10
https://yourmechaniconline.com/category/audi-servicing/,0,1,0%,10
https://yourmechaniconline.com/galleries/brake-repair/,0,1,0%,10
https://yourmechaniconline.com/tag/best-car-service-aundh/,0,1,0%,10
https://yourmechaniconline.com/tag/best-car-workshop-in-pune/,0,1,0%,10
https://yourmechaniconline.com/tag/bmw-maintenance-cost/,0,1,0%,10
https://yourmechaniconline.com/tag/top-bmw-mechanics/,0,1,0%,10
https://yourmechaniconline.com/tag/car-garage-pune/,0,1,0%,11
https://yourmechaniconline.com/tag/luxury-car-services-pune/,0,1,0%,11
https://yourmechaniconline.com/tag/and-advanced-diagnostics-book-your-service-now/,0,1,0%,12
https://yourmechaniconline.com/tag/brake-repair-services-pune/,0,1,0%,12
https://yourmechaniconline.com/galleries/lube-services/,0,1,0%,13
https://yourmechaniconline.com/tag/audi-servicing-hinjewadi/,0,1,0%,18
https://yourmechaniconline.com/tag/book-car-service-online/,0,1,0%,18
https://yourmechaniconline.com/wp-content/uploads/2023/04/LOGOWITHTEXT.png,0,1,0%,19
https://yourmechaniconline.com/category/luxury-car-servicing-pune/,0,1,0%,20
https://yourmechaniconline.com/tag/best-mercedes-mechanics/,0,1,0%,23
https://yourmechaniconline.com/the-best-audi-servicing-baner-pune/,0,1,0%,31
https://yourmechaniconline.com/tag/authorized-bmw-service-pune/,0,1,0%,48
https://yourmechaniconline.com/tag/expert-car-advice/,0,1,0%,67
https://yourmechaniconline.com/tag/spare-parts-blog/,0,1,0%,97
https://yourmechaniconline.com/tag/transparent-audi-pricing/,0,1,0%,97