Top queries,Clicks,Impressions,CTR,Position
your mechanic online,207,1179,17.56%,1.3
your mechanic,27,921,2.93%,10.48
online mechanic,18,3063,0.59%,25.04
online garage services,17,1142,1.49%,25.39
yourmechanic,11,420,2.62%,9.41
mechanic online,9,1520,0.59%,22.37
car mechanic online,9,793,1.13%,19.32
car service center near me,9,699,1.29%,6.61
online car mechanic,8,785,1.02%,14.36
car servicing pune,7,794,0.88%,10.76
online mechanic services,7,370,1.89%,7.19
book mechanic online,6,475,1.26%,25.11
car rubbing polish price in pune,6,350,1.71%,7.47
ymo company,6,67,8.96%,2.46
mechanic,5,9696,0.05%,8.98
online mechanic for car,5,569,0.88%,10.4
car repair near me,5,448,1.12%,5.34
online car service,5,415,1.2%,28.24
online mechanics,5,169,2.96%,16.14
car ac repair near me,4,1191,0.34%,11.16
car servicing,4,716,0.56%,27.89
car mechanic at home,4,118,3.39%,26.29
mechanic online near me,4,75,5.33%,7.28
car service website,4,53,7.55%,34.06
mechanic near me,3,3067,0.1%,7.46
car mechanic near me,3,659,0.46%,6.59
car mechanic pune,3,606,0.5%,8.81
car rubbing and polishing cost,3,553,0.54%,6.52
online mechanic service,3,451,0.67%,20.99
online car mechanic near me,3,283,1.06%,9.14
online car mechanic service,3,226,1.33%,17.68
online garage services near me,3,220,1.36%,4.21
online garage service,3,179,1.68%,26.7
rubbing and polishing car cost in pune,3,124,2.42%,8.18
car interior cleaning,3,30,10%,10.5
oil change near me,2,1012,0.2%,3.23
car mechanic,2,633,0.32%,8.52
mechanic pune,2,539,0.37%,7.01
online garage,2,479,0.42%,34.89
car service,2,333,0.6%,14.38
car service near me,2,273,0.73%,6.59
online mechanic near me,2,265,0.75%,7.72
car denting and painting cost in pune,2,206,0.97%,21.86
online car repair,2,179,1.12%,14.21
rubbing and polishing cost,2,169,1.18%,5.62
car servicing at home,2,163,1.23%,14.48
online car service near me,2,113,1.77%,11.96
car mechanic home service,2,107,1.87%,12.5
yourmechanic online,2,64,3.12%,7.19
online car repair service near me,2,55,3.64%,7.22
online mechanic service for car,2,52,3.85%,6.06
premium car garage near me,2,41,4.88%,7.68
your mechanics,2,34,5.88%,23.79
car mechanic at home service,2,33,6.06%,17.09
online garage near me,2,27,7.41%,4
car mechanic website,2,19,10.53%,26.05
car paint per panel,2,5,40%,3.4
car repair websites,2,2,100%,4
car servicing in pune,1,930,0.11%,11.82
luxury car servicing,1,721,0.14%,13.51
online car repair service,1,526,0.19%,15.04
car repair in pune,1,512,0.2%,13.54
machanic,1,447,0.22%,10.22
car repair online,1,441,0.23%,30.7
car service in pune,1,433,0.23%,20.86
garage near me,1,375,0.27%,7.9
car service pune,1,352,0.28%,15.17
online car repair services,1,322,0.31%,22.88
car servicing near me,1,321,0.31%,10.2
car garage near me,1,315,0.32%,7.82
car repair online service,1,262,0.38%,19.34
car garage baner,1,258,0.39%,6.35
mechanics near me,1,241,0.41%,9.35
best car mechanic in pune,1,219,0.46%,10.73
luxury car service center,1,215,0.47%,41.07
doorstep car service pune,1,212,0.47%,28.48
car mechanic online service,1,168,0.6%,19.4
mercedes service center near me,1,130,0.77%,8.52
book my repair,1,121,0.83%,6.68
car repair at home,1,120,0.83%,7.88
mercedes mechanic near me,1,101,0.99%,15.27
car repair shop near me,1,93,1.08%,3.9
vehicle service,1,90,1.11%,5.92
car service indore,1,87,1.15%,19.24
car repair home service,1,86,1.16%,9.8
mercedes repair near me,1,86,1.16%,20.12
home mechanic service,1,85,1.18%,14.04
mechanics online,1,77,1.3%,33.92
audi service centre near me,1,68,1.47%,9.46
car rubbing polish price,1,68,1.47%,22.03
mechanic car,1,65,1.54%,7.57
car ac servicing near me,1,62,1.61%,11.29
mechanic company,1,62,1.61%,16.13
car ac compressor repair near me,1,61,1.64%,10.05
online mechanic for car near me,1,60,1.67%,5.18
rubbing polishing car price,1,55,1.82%,3.53
car service at home pune,1,54,1.85%,10.37
book car mechanic online,1,52,1.92%,15.42
rubbing polish price,1,51,1.96%,10.86
online car service booking,1,51,1.96%,21.22
car servicing online,1,48,2.08%,17.88
car suspension repair near me,1,47,2.13%,7.53
online mechanic car,1,45,2.22%,8.56
car repair service online,1,43,2.33%,13.44
premium car service near me,1,43,2.33%,25.51
mechanic in pune,1,42,2.38%,18.57
car service online booking,1,42,2.38%,46.43
car repair at home service,1,39,2.56%,7.41
book a mechanic online,1,38,2.63%,29.45
book a mechanic,1,36,2.78%,22.89
car repair service at home,1,34,2.94%,8.5
car a/c repair near me,1,34,2.94%,10.03
book my mechanik,1,33,3.03%,7.06
car repair website,1,33,3.03%,24.39
car mechanic shop near me,1,32,3.12%,5.28
mercedes workshop,1,32,3.12%,17.41
luxury car care,1,31,3.23%,26.77
mobile mechanic,1,30,3.33%,33.73
car mechanic home service near me,1,28,3.57%,8.57
mercedes service centre near me,1,27,3.7%,7.44
car mechanic near me home service,1,27,3.7%,8.04
luxury car garage,1,27,3.7%,19.3
online mechanic help,1,26,3.85%,22.73
online mechanic service near me,1,25,4%,6
car deep cleaning services,1,25,4%,10.64
car online service,1,25,4%,15.32
cheap car service,1,25,4%,32.52
mercedes repair shop near me,1,24,4.17%,8.08
bmw service pune,1,22,4.55%,11.09
top rated car service center near me,1,21,4.76%,11.67
car key battery replacement,1,18,5.56%,5.33
mercedes servicing near me,1,18,5.56%,8.17
car deep clean,1,18,5.56%,17.06
mercedes service center,1,17,5.88%,7.94
car repairing near me,1,17,5.88%,9
car ac repair at home,1,17,5.88%,9.29
car service center indore,1,16,6.25%,22.5
audi repair,1,15,6.67%,7.8
car repair service,1,15,6.67%,19.6
mymechanic,1,14,7.14%,4.93
car deep cleaning services pune price,1,14,7.14%,11.64
best car service in indore,1,14,7.14%,11.79
car services online,1,13,7.69%,5.31
you're a mechanic,1,13,7.69%,5.77
car mechanic online booking,1,13,7.69%,9.85
best car workshop near me,1,12,8.33%,5.58
audi servicing near me,1,12,8.33%,18
audi maintenance near me,1,12,8.33%,57
online vehicle repair service,1,11,9.09%,6
car garage near me open now,1,11,9.09%,6.45
car servicing shop near me,1,10,10%,5.6
automobile spare parts shop near me,1,10,10%,5.7
luxury car servicing near me,1,10,10%,8.1
mercedes benz mechanic near me,1,10,10%,16.1
car garage website,1,10,10%,21.4
car service booking online,1,10,10%,25.7
mechanic for you,1,10,10%,41
car repair home service near me,1,9,11.11%,7
car servicing website,1,9,11.11%,22.11
mechanic servicing,1,9,11.11%,25.89
engine oil change service,1,9,11.11%,37.67
oil change for car,1,8,12.5%,7.25
garage online customer service,1,7,14.29%,4.86
car service company,1,7,14.29%,9.29
power steering repair near me,1,6,16.67%,4.83
home car servicing,1,6,16.67%,9.67
rubbing and polishing car,1,6,16.67%,11.67
benz service center,1,6,16.67%,13
yourmechanic near me,1,6,16.67%,46.5
home car mechanic near me,1,5,20%,9.4
freelance mechanic,1,5,20%,9.6
your mechanic phone number,1,5,20%,21.2
mercedes technician near me,1,4,25%,8.25
on call car mechanic,1,4,25%,8.75
honda car mechanic near me,1,4,25%,10.75
rubbing polish price for car,1,4,25%,10.75
automobile services,1,4,25%,11.5
best and cheap car service near me,1,4,25%,37.75
car service websites,1,4,25%,58
car workshop online,1,3,33.33%,3
near me car mechanic,1,3,33.33%,4.33
garage websites,1,3,33.33%,5
best audi service center near me,1,3,33.33%,5.33
car checkup at home,1,3,33.33%,6
auto repair shop website,1,3,33.33%,6.67
complete car service near me,1,3,33.33%,7.33
car service oil change,1,3,33.33%,8
renault duster spare parts near me,1,3,33.33%,10
car painting near me,1,3,33.33%,20.33
car service center website,1,3,33.33%,42.33
auto shops,1,2,50%,1
emergency car repair near me,1,2,50%,1
online vehicle maintenance,1,2,50%,2
car clutch plate repair near me,1,2,50%,4
mahindra car service center near me,1,2,50%,4
audi specialist mechanic near me,1,2,50%,5.5
automatic transmission repair near me,1,2,50%,8
brake pad near me,1,2,50%,8
car mechanic for inspection,1,1,100%,1
old car parts near me,1,1,100%,1
oil changes in car,1,1,100%,4
mechanic for mercedes near me,1,1,100%,5
premium car service centre near me,1,1,100%,5
remote mechanic near me,1,1,100%,8
interior car deep cleaning,1,1,100%,9
mercedes expert near me,1,1,100%,9
beat car service centre,1,1,100%,11
online mechanic for car inspection,1,1,100%,11
denting painting,0,3684,0%,5.38
servicing,0,2872,0%,10.87
car maintenance,0,881,0%,4.91
car service at home,0,788,0%,41.7
audi car servicing,0,634,0%,11.57
car denting painting,0,564,0%,24.42
baner service centre,0,449,0%,9.78
car denting and painting in pune,0,396,0%,35.29
mercedes service center pune,0,385,0%,9.2
denting and painting,0,373,0%,14.23
premium car service,0,373,0%,29.76
car ac service near me,0,340,0%,11.49
car denting & painting,0,330,0%,31.84
car painting services,0,319,0%,75.2
denting and painting of car in pune,0,302,0%,33.2
audi service pune,0,273,0%,21.98
service your car,0,268,0%,28.09
oil change,0,265,0%,6.25
oil change near me prices,0,264,0%,6.83
car ac service,0,254,0%,36.92
v mechanic,0,251,0%,7.14
motor mechanic,0,245,0%,6.39
v mechanic pune,0,222,0%,7.92
bmw car servicing,0,213,0%,12.95
best auto repair near lavasa,0,209,0%,15.03
best automotive repair near lavasa,0,203,0%,29.34
car ac repair,0,200,0%,22.72
best car service in pune,0,197,0%,11.3
denting panting,0,192,0%,11.8
oil change service,0,189,0%,11.78
top denting and painting in baner,0,183,0%,8.79
best car repair near lavasa,0,181,0%,25.09
my mechanic,0,180,0%,12.49
best car wash in baner,0,178,0%,15.61
engine oil service,0,176,0%,7.53
luxury car repair,0,174,0%,41.31
engine oil,0,170,0%,4.51
mechanical near me,0,170,0%,7.25
online car servicing booking,0,170,0%,51.52
car garage in hinjawadi,0,166,0%,6.95
jaguar car servicing,0,166,0%,10.24
mercedes workshop near me,0,165,0%,12.38
car repair online booking,0,164,0%,56.68
carservicing,0,160,0%,15.96
macanic,0,158,0%,9.58
oil change near me open now,0,155,0%,6.91
baner mercedes,0,153,0%,50.73
rubbing and polishing car cost,0,150,0%,17.58
car service online,0,150,0%,21.65
car polishing cost,0,148,0%,13.45
car mechanic in pune,0,147,0%,10.4
premium car repair service,0,146,0%,32.6
your mechanic phone number company,0,142,0%,11.23
mechanic online booking,0,142,0%,21.65
car rubbing polish charges,0,137,0%,10.49
best car service,0,137,0%,19.5
car services in pune,0,137,0%,30.34
car denting and painting cost in punecar denting and painting near me,0,128,0%,37.88
mechanic mechanic,0,124,0%,23.56
audi car service,0,124,0%,29.64
book car repair online,0,121,0%,43.92
mercedes car servicing near me,0,119,0%,5.02
mercedes service,0,119,0%,24.35
vehicle mechanic,0,117,0%,9.5
garage baner,0,117,0%,9.55
vehicle servicing,0,117,0%,13.73
car oil change,0,117,0%,19.58
deep cleaning services in wakad,0,117,0%,60.89
mechani,0,116,0%,8.68
mercedes service near me,0,116,0%,17.66
car denting and painting,0,115,0%,46.92
car panting,0,113,0%,1.19
denting & painting,0,113,0%,3.21
car rubbing charges,0,112,0%,20.82
home mechanic,0,108,0%,53.42
car service station in pune,0,107,0%,43.27
#mechanic,0,104,0%,23.54
audi service center pune,0,103,0%,10.15
denting penting,0,101,0%,2.51
car ac servicing,0,101,0%,17.65
car service in indore,0,101,0%,27.1
car repair online help,0,98,0%,60.77
ac repair near me - in wakad,0,97,0%,38.06
online car repairing,0,97,0%,55.35
car ac repair pune,0,96,0%,20.97
denting and painting in baner,0,95,0%,11.19
car technician in pune wakad,0,92,0%,21.87
auto body shops in nashik,0,89,0%,40.33
garage in pune aundh,0,89,0%,62.69
car rubbing polish price near me,0,86,0%,8.56
best car service center near me,0,86,0%,8.86
mechanic at home,0,85,0%,6.42
car garage in pimple nilakh pune with phone number,0,85,0%,15.12
car service center in pune,0,85,0%,36.06
auto mechanic,0,84,0%,7.85
auto online service,0,84,0%,22.76
car ac gas filling near me,0,82,0%,11.35
car garage in aundh pune,0,82,0%,44.84
mercedes car service near me,0,81,0%,13.15
full service oil change,0,81,0%,13.32
car oil change service,0,81,0%,34.14
मेकॅनिक,0,80,0%,6.8
car air conditioning service,0,79,0%,34.76
car workshop near me,0,78,0%,6.92
mechanic on call,0,78,0%,9.14
car garage baner pune,0,78,0%,46.9
car repair,0,76,0%,14.55
online vehicle repair,0,76,0%,45.68
best car service near lavasa,0,75,0%,79.52
online car ac service,0,74,0%,18.86
reliable car care -multi-brand trusted service station pune,0,73,0%,10.62
automotive service near lavasa,0,73,0%,54.86
oil change near me car,0,72,0%,5.9
car spare parts near me,0,72,0%,6.62
car garage wakad,0,72,0%,9.81
mechanic service at home,0,72,0%,29.43
luxury auto repair,0,72,0%,54.99
auto repair online,0,72,0%,63.38
car repair pune,0,71,0%,13.34
car repair services in pune,0,70,0%,30.61
service center in pune hinjewadi,0,70,0%,32.71
auto body shops nashik,0,70,0%,40.86
audi workshop near me,0,69,0%,10.23
car repair service in pune,0,69,0%,10.43
car workshops in pune,0,69,0%,16.43
air conditioning repair for cars,0,69,0%,21.07
garages in pune baner,0,69,0%,40.71
auto repair shops near me,0,68,0%,1.59
car mechanic in hinjewadi,0,68,0%,1.68
car mechanics in nashik,0,68,0%,20.38
car mechanic in nashik,0,68,0%,22.4
"car garage in aundh, pune",0,68,0%,51.44
mechanics in nasik,0,66,0%,8.12
car rubbing polishing in pune,0,66,0%,12.65
hinjewadi service centre,0,65,0%,7.49
car mechanic shops in pune hinjewadi,0,64,0%,6.47
car service cost,0,64,0%,64.02
engine oil change,0,62,0%,5.24
interior car cleaning pune,0,61,0%,40.31
car services in aundh pune with phone numbers,0,61,0%,41.16
car repairing in baner maharashtra,0,61,0%,51.66
chevrolet car servicing,0,60,0%,42.08
premium luxury car service,0,60,0%,46.12
car mechanic in aundh pune,0,60,0%,48.42
mechanic shops in nashik road nashik,0,58,0%,3.24
ymo car,0,58,0%,4.95
premium car care,0,58,0%,27.07
car garage in baner pune,0,58,0%,50.66
book my mechanic,0,57,0%,5.37
mechanics for car inspection,0,57,0%,5.53
ac car repair near me,0,57,0%,9.61
car air conditioning repair near me,0,57,0%,9.68
car wash and repairing in hinjwadi with phone number,0,57,0%,29.11
affordable car scratch repair pune,0,57,0%,35.93
car mechanics in pune,0,57,0%,36.4
car mechanic shops in hinjewadi,0,56,0%,1.18
car ac repair in pune,0,56,0%,20.61
mechanic repair,0,56,0%,26.77
machanics in indore deoguradia,0,55,0%,2.09
mercedes garage near me,0,55,0%,8.31
car workshop in pune,0,55,0%,15.27
mercedes repair,0,55,0%,35.73
car washing in hinjewadi pune,0,55,0%,56.64
online car garage,0,54,0%,9.44
luxury car service center near me,0,54,0%,13.31
home car service,0,54,0%,14.59
car mechanic in indore,0,54,0%,39.85
car repairing services in hinjewadi pune,0,53,0%,1.57
car garages in hinjewadi,0,53,0%,3.83
affordable car service in indore,0,53,0%,10.32
wakad service center,0,53,0%,11.21
mercedes benz service near me,0,53,0%,44.51
car online repair,0,53,0%,78.04
lube,0,52,0%,8.6
mechanic indore,0,52,0%,10.04
machnic,0,52,0%,11
car repair indore,0,52,0%,15.87
mercedes benz repair near me,0,52,0%,43.62
mechanic in nashik,0,51,0%,5.51
mechanic shop near me,0,51,0%,5.84
car service centre near me,0,51,0%,8.76
car service and repair,0,51,0%,18.2
affordable exotic car parts,0,51,0%,63.69
exotic car ac repair,0,51,0%,69.14
mechanic service,0,50,0%,13
bmw workshop pune,0,49,0%,10.16
auto air conditioning service,0,49,0%,35.24
mercedes servicing,0,48,0%,19.1
car wash and repairing in pimple nilakh pune with phone number,0,48,0%,65.17
car servicing near by,0,47,0%,8.6
car home service,0,47,0%,9.55
car rubbing polish near me,0,47,0%,12.23
car rubbing price,0,47,0%,18.43
full car service,0,47,0%,42.7
mechanic shop in nashik,0,46,0%,7.48
online auto mechanic,0,46,0%,8.35
bmw baner,0,46,0%,9.96
car mechanics online,0,46,0%,10.52
hinjewadi service,0,46,0%,14.57
car detailing services hinjawadi pune,0,46,0%,25.65
car servicing price,0,46,0%,57.28
mechnic,0,45,0%,9.16
car rubbing and polishing price,0,45,0%,20.53
car mechanic near me indore,0,45,0%,22.93
scratch repair pune,0,45,0%,32.73
book car service online,0,45,0%,37.33
automotive,0,44,0%,2.66
full servicing,0,44,0%,10.48
car mechanic shops in indira nagar nashik,0,44,0%,24.86
professional car interior cleaning pune,0,44,0%,39.41
truck mechanic in marunji,0,43,0%,1.02
pune mechanic,0,43,0%,5.74
regular car service,0,43,0%,6.74
car denting penting,0,43,0%,13.72
car painting service,0,43,0%,29.58
interior car cleaning,0,43,0%,32.56
danting painting,0,42,0%,3.6
best car mechanic near me,0,42,0%,7.45
same day car service indore,0,42,0%,26.45
auto brake repair,0,42,0%,26.71
best car service near me,0,41,0%,10.39
car rubbing cost,0,41,0%,14.85
you mechanic,0,41,0%,16.68
car air conditioner repair,0,41,0%,24.51
ymo auto,0,41,0%,24.9
car repair near lavasa,0,41,0%,26.29
car mechanic in kharadi,0,41,0%,64.9
"mechanic in sindh colony, aundh, pune with phone number",0,40,0%,8
#carservicing,0,40,0%,12.82
car mechanics in nashik college road with phone number,0,40,0%,16.25
car denting penting pune,0,40,0%,17.9
cheap price service,0,40,0%,28.52
car mechanic in pimpri-chinchwad pune,0,40,0%,61.75
online car workshop,0,40,0%,83.15
how to check alternator on car,0,39,0%,1
car garages hinjawadi pune,0,39,0%,4.54
online auto,0,39,0%,5.64
automotive oil change,0,39,0%,12.9
online vehicle service,0,39,0%,23.23
premium car service center,0,39,0%,24.44
best car garage near me,0,38,0%,12.95
audi car service near me,0,38,0%,24.92
machanics in pune,0,38,0%,36.26
mercedes benz repair,0,38,0%,37.16
full car service cost,0,38,0%,72.42
mechanic website,0,37,0%,12.54
car wash aundh pune,0,37,0%,13.16
car interior deep cleaning,0,37,0%,15.03
mechanics in pune,0,37,0%,22.41
online service booking,0,37,0%,54.92
auto advisor wakad pune,0,36,0%,7.14
yourmechanic official website,0,36,0%,7.47
mechanic shop,0,36,0%,9.58
best oil change,0,36,0%,9.89
car painting and denting,0,36,0%,58
local guide program,0,35,0%,1
dainting painting,0,35,0%,5
car spare parts shop near me,0,35,0%,6.57
spare parts shop near me,0,35,0%,7.6
garage mechanic,0,35,0%,8.71
car repair shop websites,0,35,0%,20.97
site:https://yourmechaniconline.com,0,35,0%,31
scratch and dent repair pune,0,35,0%,32.54
mercedes benz servicing,0,35,0%,36.91
car air conditioning repair,0,35,0%,45
vehicle maintenance,0,34,0%,7.18
cost of car servicing in indore,0,34,0%,7.53
online auto services,0,34,0%,9.03
car ac gas refill near me,0,34,0%,11.65
oil service,0,34,0%,15.21
car interior cleaning service,0,34,0%,20.21
indore car service,0,34,0%,22.03
car mechanic shop in indore,0,34,0%,29.5
car engine oil change cost,0,34,0%,39.65
mechanics,0,33,0%,5.3
car engine oil change,0,33,0%,5.82
expert car service and repair in indore,0,33,0%,8
panel painting car,0,33,0%,9.64
rubbing polishing cost,0,32,0%,4.78
online car repairing service,0,32,0%,6
audi repair near me,0,32,0%,6.78
oil change in car,0,32,0%,6.81
audi mechanic near me,0,32,0%,8.34
best mechanic,0,32,0%,8.78
car mechanical,0,32,0%,9.09
mechanic home service,0,32,0%,9.22
car ac gas refilling near me,0,32,0%,11.56
servicing done,0,32,0%,11.66
premium car service center near me,0,32,0%,16.28
car mechanic shop in nashik,0,32,0%,18.19
denting painting pune,0,32,0%,29.66
car mechanic shops in baner,0,32,0%,45.03
deep clean car interior,0,32,0%,51.47
auto repair shop near me,0,31,0%,3.48
auto repair,0,31,0%,7.45
mechanic service online,0,31,0%,9.77
online auto repair,0,31,0%,17.03
service car,0,31,0%,26.29
luxury car service,0,31,0%,60.45
luxury car denting painting,0,31,0%,74.48
car garage online,0,30,0%,6.67
home car repair service,0,30,0%,9.8
car ac mechanic near me,0,30,0%,10.13
sarvising,0,30,0%,10.3
makanik,0,30,0%,13.4
luxury car service in pune,0,30,0%,16.7
car servicing cost,0,30,0%,46.93
mercedes benz service,0,30,0%,48.7
premium car servicing,0,29,0%,8.45
denting painting car,0,29,0%,9.86
mercedes benz service centre near me,0,29,0%,10.79
best car repair shop near me in indore,0,29,0%,19.31
mechanic services in pune,0,29,0%,27.9
servicing car,0,29,0%,31.34
auto garage near me,0,28,0%,5.39
servicing engine oil,0,28,0%,6.43
nearby mechanic,0,28,0%,6.86
mercedes car servicing,0,28,0%,8.43
car mechanics,0,28,0%,10.25
mechanic on call near me,0,28,0%,10.36
mechanic shop baner bypass highway pune,0,28,0%,13.14
cheap service,0,28,0%,15.96
car service center pune,0,28,0%,18.68
online car mechanic services,0,28,0%,42.61
air conditioner repair on cars,0,28,0%,47.61
car painting garage in indore,0,28,0%,95.11
auto,0,27,0%,4.63
garage service online,0,27,0%,4.67
luxury car repair near me,0,27,0%,6.96
luxury car service centre near me,0,27,0%,7.33
mechanical shop,0,27,0%,8.59
mechanic near me for car,0,27,0%,9.07
audi service near me,0,27,0%,9.11
auto mobile mechanic,0,27,0%,12.67
premium car repair,0,27,0%,21.59
book car service in indore,0,27,0%,24.3
ceramic coating hinjewadi pune,0,27,0%,25.63
pune car exterior polishing service,0,27,0%,36
online mechanic booking,0,27,0%,37.44
car repair appointment,0,27,0%,47.3
car washer in pune,0,27,0%,90.26
cost of rubbing and polishing car,0,26,0%,5.65
mercedes benz service center,0,26,0%,10.08
auto service,0,26,0%,11.77
expert mechanic,0,26,0%,15.65
servicing servicing,0,26,0%,16.62
mechanic in indore,0,26,0%,20.23
audi showroom baner,0,26,0%,21.27
car deep cleaning services pune,0,26,0%,23.31
meet a mechanic,0,26,0%,33.58
benz repair,0,26,0%,51.96
car washing center in hinjewadi,0,26,0%,76.77
repair shop near me,0,25,0%,4.04
online machanic,0,25,0%,5.64
car mechanics in nashik vidya nagar,0,25,0%,7.8
online car machine,0,25,0%,9.32
mechanics in indore,0,25,0%,9.76
best car mechanic,0,25,0%,10.84
mercedes car service,0,25,0%,15.6
mercedes mechanic,0,25,0%,17.68
book of mechanic slots,0,25,0%,30.36
car interior cleaning in pune,0,25,0%,30.8
car service price,0,25,0%,44.32
mercedes benz workshop near me,0,24,0%,7.42
mechanic for car,0,24,0%,8.83
mercedes benz service center near me,0,24,0%,10.88
car ac service cost,0,24,0%,13.88
car oil service,0,24,0%,16.38
best car service center in indore,0,24,0%,24.42
car oil change price,0,24,0%,38.46
service my car,0,24,0%,43.08
full body polishing price in pune,0,24,0%,76.5
car silencer repair near me,0,23,0%,7.3
engine oil servicing,0,23,0%,7.57
4 wheeler garage near me,0,23,0%,7.65
audi service,0,23,0%,10.39
oil change services,0,23,0%,15.17
online car servicing,0,23,0%,17.26
book service,0,23,0%,31.04
mercedes benz mechanic,0,23,0%,39.3
car service center in indore,0,23,0%,44.17
pune car service,0,23,0%,50.87
repair,0,22,0%,3.77
car parts shop near me,0,22,0%,4.18
online car mechanic service near me,0,22,0%,4.68
how to book mechanic online,0,22,0%,5.82
car inspection services,0,22,0%,6.36
car silencer welding near me,0,22,0%,6.86
service done,0,22,0%,8.36
mechanic at home service,0,22,0%,8.45
car ac servicing cost,0,22,0%,9.68
audi service center near me,0,22,0%,9.73
auto space premium car service center in bavdhan pune,0,22,0%,9.95
best car service center pune,0,22,0%,12.18
mechanical service,0,22,0%,13
car servicing indore,0,22,0%,13.68
"auto repair shop in pimple nilakh, pune with phone number",0,22,0%,13.73
auto repair website,0,22,0%,16.36
car maintenance services,0,22,0%,17.27
garage near me for car,0,22,0%,17.55
denting and painting cost,0,22,0%,22.55
car mechanics in indore,0,22,0%,31.45
car painting work,0,22,0%,31.91
best automotive repair near lonavala,0,22,0%,52.68
car washing in pune,0,22,0%,113.27
"car repair and maintenance service in shalimar palms, indore with phone 
number",0,21,0%,3.38
fast service,0,21,0%,7.76
mechanical maintenance,0,21,0%,8.67
suspension repair near me,0,21,0%,10.38
best car servicing near me,0,21,0%,10.71
car painting per panel price,0,21,0%,11.81
car deep cleaning,0,21,0%,13
ac service wakad,0,21,0%,40.57
book online car service,0,21,0%,56.81
mechanic's favorite car models,0,21,0%,62.71
#punemechanic,0,20,0%,1.05
diesel mechanic,0,20,0%,2.45
brake pad,0,20,0%,5.5
mechenic,0,20,0%,8.1
mechanic home service near me,0,20,0%,9.55
best car mechanical repair,0,20,0%,10.85
car services,0,20,0%,15.55
car mechanic shops in bardari indore,0,20,0%,16
shetty garage aundh,0,20,0%,19.25
emergency car repair indore,0,20,0%,22.15
car repair services online,0,20,0%,27.55
car denting painting cost,0,20,0%,28.1
car denting and painting pune,0,20,0%,28.2
car ac repair home service,0,20,0%,28.8
painting and denting,0,20,0%,41.2
we service any car,0,20,0%,47.85
service center in pune wakad,0,20,0%,107.5
ev repair shop near me,0,19,0%,3.37
car interior deep cleaning price,0,19,0%,4.68
car key battery replacement near me,0,19,0%,5.68
car parts near me,0,19,0%,5.95
mechanics automotive,0,19,0%,7.26
mechanical car,0,19,0%,8.95
home car service near me,0,19,0%,9.47
best car repair,0,19,0%,9.68
car ac repairing near me,0,19,0%,9.79
pune car servicing,0,19,0%,10.37
call mechanic,0,19,0%,10.53
macnic,0,19,0%,11.26
best mechanic near me,0,19,0%,12.37
shocker repair near me,0,19,0%,12.58
mercedes car repair near me,0,19,0%,13.58
expert car service,0,19,0%,17.47
car interior cleaning cost pune,0,19,0%,28.05
auto air conditioning services,0,19,0%,30.58
car ac cleaning service,0,19,0%,32.11
best mechanic for luxury cars pune,0,19,0%,32.32
mechanics that come to you,0,19,0%,46.63
car repair sites,0,19,0%,66.42
wheel alignment in baner pune,0,19,0%,88.37
important parts,0,18,0%,1.83
spare part shop near me,0,18,0%,3.72
auto repair near me,0,18,0%,4.44
car ac repair wakad,0,18,0%,4.72
oil,0,18,0%,6.11
car airconditioning service,0,18,0%,9.44
car ac filling near me,0,18,0%,10.94
mechanic shops indore,0,18,0%,12.67
mechanic services,0,18,0%,14.72
complete car service,0,18,0%,14.89
best car ac repair near me,0,18,0%,16.06
mercedes benz workshop,0,18,0%,16.5
car repair services,0,18,0%,18.83
car and bike mechanics in pune hinjewadi,0,18,0%,22.11
car maintenance service,0,18,0%,23.11
car air conditioning service cost,0,18,0%,25
car service deals,0,18,0%,25.5
car mechanic in ashwamegh nagar nashik,0,18,0%,33.22
oil change price for car,0,18,0%,34.33
car ac repair service,0,18,0%,35.22
car oil change prices,0,18,0%,37.5
repair mercedes,0,18,0%,41.11
car garages in pune balewadi,0,18,0%,44.83
home cleaning services pune wakad,0,18,0%,61.72
automotive companies in pune,0,18,0%,70.78
wheel alignment in wagholi pune,0,18,0%,94.33
car garage in wakad pune,0,18,0%,106.56
luxury car service near me,0,17,0%,4.06
car mechanics near me,0,17,0%,5.35
car mechanic online near me,0,17,0%,6.12
auto service near me,0,17,0%,7.47
best car repair shop near me,0,17,0%,8.76
call mechanic near me,0,17,0%,9.47
the premium car care,0,17,0%,9.47
on call mechanic near me,0,17,0%,9.65
macanik,0,17,0%,10.12
mobile mechanic near me,0,17,0%,10.29
sarvicing,0,17,0%,11.53
mechanic book online,0,17,0%,12.53
car care near me,0,17,0%,13.06
vehicle repair and maintenance,0,17,0%,13.29
car services pune,0,17,0%,13.76
auto air conditioner repair,0,17,0%,21.53
best car service centre in pune,0,17,0%,22.06
oil change price,0,17,0%,22.06
vehicle repair website,0,17,0%,24.71
technician near me,0,17,0%,25.59
it mechanic,0,17,0%,33.94
garage in pune wakad,0,17,0%,96.88
denting painting photo,0,16,0%,1.62
vehicle inspection,0,16,0%,2.12
car key battery,0,16,0%,4
denting painting cost,0,16,0%,4.06
call mechanic at home,0,16,0%,7.12
car auto parts near me,0,16,0%,7.62
car service home visit,0,16,0%,8.25
wheel alignment near me,0,16,0%,9.19
mechanice,0,16,0%,9.38
best car service centre near me,0,16,0%,10.25
auto mechanic online,0,16,0%,10.38
car garage in bhalgudi pune with phone number,0,16,0%,11
car rubbing polish cost,0,16,0%,11.5
makanic,0,16,0%,12.56
i mechanic,0,16,0%,13.5
car scratch repair cost,0,16,0%,32.44
book a service,0,16,0%,44.44
automotive service near lonavala,0,16,0%,62.19
car services near me,0,15,0%,6.4
painting denting,0,15,0%,6.47
online car repair near me,0,15,0%,6.53
headlight repair near me,0,15,0%,6.73
servicing oil,0,15,0%,7.13
auto mechanics,0,15,0%,7.6
local mechanic,0,15,0%,7.8
car mechanic on call,0,15,0%,9.4
home service mechanic near me,0,15,0%,10.13
car ac mechanic,0,15,0%,11.47
car ac specialist near me,0,15,0%,12.93
best car service centre in indore,0,15,0%,13.6
car ac cleaning near me,0,15,0%,15.13
"car mechanic in alok nagar,indore",0,15,0%,17.67
auto maintenance & repair in indore,0,15,0%,25.67
full car painting cost in pune,0,15,0%,27.8
car repairing in ojhar nashik,0,15,0%,37
best car service provider,0,15,0%,39.47
ऑनलाइन,0,14,0%,2.57
your car,0,14,0%,2.79
repair and maintenance,0,14,0%,3.64
mercedes benz service cente,0,14,0%,4.14
car deep cleaning charges,0,14,0%,4.21
oil change ne,0,14,0%,5.21
mechinic,0,14,0%,5.79
book mechanic,0,14,0%,7
car machanic,0,14,0%,7.07
car repair at doorstep,0,14,0%,8.64
car repair doorstep,0,14,0%,8.86
vehicle servicing charges,0,14,0%,9.29
car repair garage near me,0,14,0%,9.43
car service home service,0,14,0%,9.43
servecing,0,14,0%,9.5
auto space premium car service center in bavdhan,0,14,0%,9.57
audi car repair near me,0,14,0%,10.14
premium car garage,0,14,0%,10.57
car ac refilling near me,0,14,0%,10.71
servicing complete,0,14,0%,10.79
car danting painting,0,14,0%,11.79
car garage in viman nagar,0,14,0%,12.14
automotive service,0,14,0%,12.5
mechanic automotive,0,14,0%,13.43
car aircon fix,0,14,0%,14.57
premium car workshop,0,14,0%,14.93
best online car service,0,14,0%,20.71
price for car air conditioning service,0,14,0%,25.57
professional car care baner,0,14,0%,25.86
ac car service,0,14,0%,28
emergency car repair,0,14,0%,29.57
oil change cost,0,14,0%,34.86
car repair shop website,0,14,0%,40.21
luxury car detailing pune baner,0,14,0%,41.21
engine oil change price,0,14,0%,49
car repairing service at home,0,14,0%,61.71
garrge in pune,0,14,0%,81.71
best way to ask a car expert online,0,14,0%,87.86
car denting painting images,0,13,0%,1
car technician in nashik college road with phone number,0,13,0%,2.54
car shop near me,0,13,0%,2.62
vehicle repair shop near me,0,13,0%,3.08
painter car,0,13,0%,4.31
luxury car garage near me,0,13,0%,4.46
mechanic shops in uday nagar nashik,0,13,0%,6.38
our mechanic,0,13,0%,6.54
rubbing car price,0,13,0%,7.23
car oil change near me,0,13,0%,7.54
car denting painting wakad,0,13,0%,8.54
engine mechanic,0,13,0%,8.62
mechanical garage,0,13,0%,8.77
meachanic,0,13,0%,9.85
car body shop near me,0,13,0%,10.69
oil change car,0,13,0%,11.38
car rubbing and polishing near me,0,13,0%,11.54
my car mechanic,0,13,0%,12.15
rubbing polish near me,0,13,0%,12.46
change oil service,0,13,0%,12.85
car air conditioner service,0,13,0%,13.46
vehicle repair online,0,13,0%,13.85
"car repair and maintenance service in balewadi high street, baner, pune 
with phone number",0,13,0%,17.92
car polishing price,0,13,0%,18.31
mechanic line,0,13,0%,21
denting and painting pune,0,13,0%,28.08
interior cleaning of car,0,13,0%,32.46
car interior cleaning services pune,0,13,0%,33.85
car servicing offers,0,13,0%,34.08
best auto repair near lonavala,0,13,0%,34.77
at home car service,0,13,0%,41
car service prices,0,13,0%,44
car denting and penting,0,13,0%,47.69
schedule service,0,13,0%,58.69
car buffing cost,0,13,0%,71.69
auto spare parts near me,0,12,0%,4.83
car mechanix,0,12,0%,5.83
online car service at home,0,12,0%,5.83
online car mechanics,0,12,0%,6.92
mechanical repair,0,12,0%,7
car servicing charges in pune,0,12,0%,7.08
car inspection services pune,0,12,0%,7.25
auto parts shop near me,0,12,0%,9.08
car headlight repair near me,0,12,0%,9.17
gomechanic near me,0,12,0%,9.17
engine service,0,12,0%,9.25
mechanich,0,12,0%,9.25
car ac service at home,0,12,0%,9.67
mechanic near me home service,0,12,0%,10.58
car ac work near me,0,12,0%,11.58
engine oil shop near me,0,12,0%,12.33
indore mechanic,0,12,0%,13.08
mecenic,0,12,0%,13.58
four wheeler garage near me,0,12,0%,13.75
car service home,0,12,0%,13.92
car aircon specialist,0,12,0%,14.75
luxury car mechanic,0,12,0%,15.5
car ac cleaning services,0,12,0%,18.42
car aircon servicing,0,12,0%,18.83
toyota repair,0,12,0%,18.92
car ac service pune,0,12,0%,20.42
ac car repair,0,12,0%,21.08
auto shop website,0,12,0%,21.42
service mechanic,0,12,0%,21.42
luxury car service bmw,0,12,0%,22.83
car wash in aundh,0,12,0%,23.58
premium car services,0,12,0%,27.42
car mechanic shop adinath nagar main road pune,0,12,0%,32.67
online car services,0,12,0%,33.58
denting and painting car,0,12,0%,36.17
car polishing services,0,12,0%,36.75
find mechanic,0,12,0%,37.5
car engine oil change price,0,12,0%,38.92
auto engine mechanic,0,12,0%,56.92
mechanic garages in pune shivajinagar,0,12,0%,57.67
car full service,0,12,0%,58.58
best home service mechanic,0,12,0%,60.08
car repair online bangalore,0,12,0%,71
"auto repair shop in bhujbal chowk, wakad gaav, pune with phone number",0,11,0%,1.91
good car service center near me,0,11,0%,3.55
auto repair shop,0,11,0%,3.82
inspection,0,11,0%,4.09
car spares near me,0,11,0%,4.55
handbrake,0,11,0%,4.55
car mechanic at doorstep,0,11,0%,5.18
servicing centre near me,0,11,0%,5.18
your car care,0,11,0%,5.27
oil servicing,0,11,0%,5.55
car mechanic sites,0,11,0%,5.64
inspection tag,0,11,0%,5.73
car spare parts,0,11,0%,7
engine servicing,0,11,0%,7.09
car service center in viman nagar,0,11,0%,7.18
car wax polishing price,0,11,0%,7.55
complete servicing,0,11,0%,7.55
premium car service centre,0,11,0%,7.82
car interior cleaning charges,0,11,0%,7.91
near me car garage,0,11,0%,7.91
rubbing car cost,0,11,0%,7.91
full car service near me,0,11,0%,8.09
online,0,11,0%,8.09
mehanic,0,11,0%,8.27
can i access driver and car-care services in indore?,0,11,0%,8.45
auto service online,0,11,0%,9.09
service your,0,11,0%,9.09
audi car servicing near me,0,11,0%,9.18
garage home service,0,11,0%,9.27
car ac repair service near me,0,11,0%,9.36
vehicle repairing,0,11,0%,10.45
mechanic car service,0,11,0%,10.55
car servicing garage,0,11,0%,10.64
mercedes car repair,0,11,0%,10.91
car ac refill near me,0,11,0%,11.09
car ac service and repair,0,11,0%,11.36
"car repair and maintenance service in wadala gaon, nashik with phone number",0,11,0%,11.91
automobile air conditioning service,0,11,0%,12.18
car aircon repair near me,0,11,0%,12.36
best car servicing,0,11,0%,13
car garage in baner,0,11,0%,13.18
denting painting work,0,11,0%,16
car deep interior cleaning pune,0,11,0%,18
car dent repair cost,0,11,0%,18.45
auto service center,0,11,0%,19.73
car oil change cost,0,11,0%,23.36
audi services,0,11,0%,25.73
car mechanic indore,0,11,0%,26
car painting services in pune,0,11,0%,36.27
gareg service in indore,0,11,0%,39.18
mercedes benz specialist,0,11,0%,41.09
car wash and repairing in kasbapeth pune with phone number,0,11,0%,41.91
at home car servicing,0,11,0%,45
oil change prices,0,11,0%,45.18
car service pricing,0,11,0%,45.45
car service site,0,11,0%,51.09
car dating and panting,0,11,0%,68.64
my car service,0,11,0%,68.91
your mechanic com,0,11,0%,74.91
book a car service online,0,11,0%,80.27
car garages in pune kharadi,0,11,0%,84.64
air conditioner repair service in pune,0,11,0%,89
car interior cleaning price,0,10,0%,1
mechanic shops in n alok nagar indore with phone numbers,0,10,0%,1
mobile car care near me,0,10,0%,1
mechanic in ambedkar nagar nasik,0,10,0%,3
cheap car mechanics near me,0,10,0%,3.9
auto parts near me,0,10,0%,4.1
mycar,0,10,0%,4.6
whatsapp,0,10,0%,4.7
mechanic online car,0,10,0%,5.3
car service center,0,10,0%,6.1
car general service,0,10,0%,6.2
near by mechanic shop,0,10,0%,6.2
ecm repair near me,0,10,0%,6.6
denting and painting of car,0,10,0%,7.2
mechanic nearby,0,10,0%,7.2
four wheeler spare parts near me,0,10,0%,7.4
silencer repair near me,0,10,0%,7.4
rubbing charges for car,0,10,0%,7.5
danting car painting,0,10,0%,8.1
i need service,0,10,0%,8.2
wiper blade,0,10,0%,8.2
car ac maintenance,0,10,0%,8.3
car inspection pune,0,10,0%,8.4
m e c h a n i c,0,10,0%,8.4
home service car mechanic,0,10,0%,8.5
servicing book,0,10,0%,8.5
mechanic help,0,10,0%,8.6
used car inspection service pune,0,10,0%,9
macenic,0,10,0%,9.2
servicing and repairing,0,10,0%,9.2
car electrical near me,0,10,0%,9.5
car compressor repair near me,0,10,0%,9.6
interior deep cleaning car,0,10,0%,11
professional mechanic,0,10,0%,12.5
audi service centre hinjewadi,0,10,0%,13.5
nearest car mechanic,0,10,0%,14.4
jeep car servicing,0,10,0%,15.3
mercedes expert,0,10,0%,15.6
book car service,0,10,0%,16.5
car service at home near me,0,10,0%,16.7
automobile shop near me,0,10,0%,16.9
"auto repair shop in venunagar, wakad, pune with phone number",0,10,0%,18
best car service center in pune,0,10,0%,20
mercedes mechanics,0,10,0%,21.5
car air conditioner servicing near me,0,10,0%,21.9
car garage in in sate pune with phone number,0,10,0%,28
full car denting painting cost,0,10,0%,28.5
car garage in pune,0,10,0%,30.4
yours car service,0,10,0%,34.5
service booking,0,10,0%,36.9
car major service,0,10,0%,37.3
car painting garage,0,10,0%,41.8
deep interior cleaning,0,10,0%,42
any car service,0,10,0%,44.9
car garages in pune,0,10,0%,61
cheapest service,0,10,0%,65.4
car service low price same day delivery,0,10,0%,68.4
garage in pune,0,10,0%,76
denting painting images,0,9,0%,1
"mechanic in shalimar palms, indore with phone number",0,9,0%,1
near mechanic shop,0,9,0%,1.78
mercedes maintenance,0,9,0%,4.44
car repair service near me,0,9,0%,5.11
mechanic store,0,9,0%,5.44
mechanic near me within 400m,0,9,0%,5.67
top rated car service near me,0,9,0%,6.22
best audi service center,0,9,0%,6.33
service,0,9,0%,6.56
mechanics car,0,9,0%,7
machanic near me,0,9,0%,7.11
nearby car mechanic,0,9,0%,7.44
car servicing at home near me,0,9,0%,7.56
automobile mechanic,0,9,0%,7.67
book service appointment,0,9,0%,7.67