Target page,Internal links
https://yourmechaniconline.com/,144
https://yourmechaniconline.com/best-car-servicing-in-pune-ymo/,140
https://yourmechaniconline.com/premium-luxury-car-service-pune/,140
https://yourmechaniconline.com/best-car-servicing-in-pune-ymo/top-mercedes-servicing-baner/,139
https://yourmechaniconline.com/book-car-servicing-in-pune/,139
https://yourmechaniconline.com/services/complete-car-servicing/,139
https://yourmechaniconline.com/the-best-audi-servicing-in-wakad/,139
https://yourmechaniconline.com/the-best-mercedes-servicing-in-hinjewadi/,139
https://yourmechaniconline.com/ymo-car-spares-parts-india/,139
https://yourmechaniconline.com/2023/07/18/know-the-benefits-of-regular-oil-changes-for-your-car-in-summer/,138
https://yourmechaniconline.com/affordable-car-services-viman-nagar-pune/,138
https://yourmechaniconline.com/affordable-car-servicing-in-wakad-pune/,138
https://yourmechaniconline.com/best-car-services-hinjewadi-pune/,138
https://yourmechaniconline.com/best-car-servicing-in-pune-ymo/the-best-audi-servicing-in-viman-nagar/,138
https://yourmechaniconline.com/best-car-servicing-in-pune-ymo/the-best-mercedes-servicing-in-viman-nagar/,138
https://yourmechaniconline.com/best-car-servicing-in-pune-ymo/top-mercedes-servicing-aundh/,138
https://yourmechaniconline.com/best-car-servicing-in-pune-ymo/top-mercedes-servicing-baner/the-best-audi-servicing-baner-pune/top-mercedes-servicing-in-bavdhan/,138
https://yourmechaniconline.com/blog/,138
https://yourmechaniconline.com/services/belts-and-hoses/,138
https://yourmechaniconline.com/services/car-brake-repair/,138
https://yourmechaniconline.com/services/car-denting-and-painting-3000/,138
https://yourmechaniconline.com/services/car-engine-services-in-pune/,138
https://yourmechaniconline.com/services/car-interior-cleaning-in-pune-₹2000/,138
https://yourmechaniconline.com/services/lube-oil-and-filters/,138
https://yourmechaniconline.com/the-best-audi-servicing-in-bavdhan/,138
https://yourmechaniconline.com/the-best-audi-servicing-in-hinjewadi/,138
https://yourmechaniconline.com/the-best-mercedes-servicing-in-wakad/,138
https://yourmechaniconline.com/best-audi-servicing-in-aundh-pune/,137
https://yourmechaniconline.com/best-car-servicing-in-pune-ymo/top-mercedes-servicing-baner/the-best-audi-servicing-baner-pune/,137
https://yourmechaniconline.com/services/car-air-conditioner-servicing-in-pune/,137
https://yourmechaniconline.com/the-best-car-servicing-in-baner/,137
https://yourmechaniconline.com/bestcar-services-indore-affordable-solutions/,136
https://yourmechaniconline.com/car-servicing-in-aundh/,136
https://yourmechaniconline.com/services/car-rubbing-and-polishing-in-pune-₹6500/,136
https://yourmechaniconline.com/category/car-servicing-maintenance/,87
https://yourmechaniconline.com/blog/best-oil-change-service-in-pune/,3